Business,City,StateWendy's-Anchorage,Anchorage,AKWendy's-Anchorage,Anchorage,AKWendy's-Anchorage,Anchorage,AKWendy's-Fairbanks,Fairbanks,AKWendy's-North Pole,North Pole,AKWendy's-Wasilla,Wasilla,AKWendy's-Albertville,Albertville,ALWendy's-Alexander City,Alexander City,ALWendy's-Anniston,Anniston,ALWendy's-Athens,Athens,ALWendy's-Attalla,Attalla,ALWendy's-Auburn,Auburn,ALWendy's-Auburn,Auburn,ALWendy's-Bessemer,Bessemer,ALWendy's-Bessemer,Bessemer,ALWendy's-Birmingham,Mountain Brk,ALWendy's-Birmingham,Birmingham,ALWendy's-Birmingham,Birmingham,ALWendy's-Birmingham,Birmingham,ALWendy's-Birmingham,Irondale,ALWendy's-Birmingham,Birmingham,ALWendy's-Birmingham,Birmingham,ALWendy's-Boaz,Boaz,ALWendy's-Brent,Brent,ALWendy's-Centre,Centre,ALWendy's-Clanton,Clanton,ALWendy's-Cottondale,Cottondale,ALWendy's-Cullman,Cullman,ALWendy's-Daphne,Daphne,ALWendy's-Decatur,Decatur,ALWendy's-Decatur,Decatur,ALWendy's-Decatur,Decatur,ALWendy's-Dothan,Dothan,ALWendy's-Dothan,Dothan,ALWendy's-Enterprise,Enterprise,ALWendy's-Eufaula,Eufaula,ALWendy's-Fairhope,Fairhope,ALWendy's-Florence,Florence,ALWendy's-Foley,Foley,ALWendy's-Fort Payne,Fort Payne,ALWendy's-Gadsden,Gadsden,ALWendy's-Gardendale,Gardendale,ALWendy's-Greenville,Greenville,ALWendy's-Guntersville,Guntersville,ALWendy's-Homewood,Homewood,ALWendy's-Hoover,Hoover,ALWendy's-Huntsville,Huntsville,ALWendy's-Huntsville,Huntsville,ALWendy's-Huntsville,Huntsville,ALWendy's-Huntsville,Huntsville,ALWendy's-Huntsville,Huntsville,ALWendy's-Huntsville,Huntsville,ALWendy's-Huntsville,Huntsville,ALWendy's-Jacksonville,Jacksonville,ALWendy's-Jasper,Jasper,ALWendy's-Leeds,Leeds,ALWendy's-Madison,Madison,ALWendy's-Madison,Madison,ALWendy's-Midfield,Midfield,ALWendy's-Mobile,Mobile,ALWendy's-Mobile,Mobile,ALWendy's-Mobile,Mobile,ALWendy's-Mobile,Mobile,ALWendy's-Mobile,Mobile,ALWendy's-Mobile,Mobile,ALWendy's-Mobile,Mobile,ALWendy's-Montgomery,Montgomery,ALWendy's-Montgomery,Montgomery,ALWendy's-Montgomery,Montgomery,ALWendy's-Montgomery,Montgomery,ALWendy's-Montgomery,Montgomery,ALWendy's-Montgomery,Montgomery,ALWendy's-Montgomery,Montgomery,ALWendy's-Montgomery,Montgomery,ALWendy's-Muscle Shoals,Muscle Shoals,ALWendy's-Northport,Northport,ALWendy's-Opelika,Opelika,ALWendy's-Oxford,Oxford,ALWendy's-Oxford,Oxford,ALWendy's-Ozark,Ozark,ALWendy's-Pelham,Pelham,ALWendy's-Pelham,Pelham,ALWendy's-Pell City,Pell City,ALWendy's-Phenix City,Phenix City,ALWendy's-Prattville,Prattville,ALWendy's-Prattville,Prattville,ALWendy's-Rainbow City,Rainbow City,ALWendy's-Robertsdale,Robertsdale,ALWendy's-Saraland,Saraland,ALWendy's-Scottsboro,Scottsboro,ALWendy's-Selma,Selma,ALWendy's-Spanish Fort,Spanish Fort,ALWendy's-Sylacauga,Sylacauga,ALWendy's-Talladega,Talladega,ALWendy's-Theodore,Theodore,ALWendy's-Troy,Troy,ALWendy's-Trussville,Trussville,ALWendy's-Tuscaloosa,Tuscaloosa,ALWendy's-Tuscaloosa,Tuscaloosa,ALWendy's-Tuscaloosa,Tuscaloosa,ALWendy's-Valley,Valley,ALWendy's-Wetumpka,Wetumpka,ALWendy's-Arkadelphia,Caddo Valley,ARWendy's-Batesville,Batesville,ARWendy's-Benton,Benton,ARWendy's-Bentonville,Bentonville,ARWendy's-Blytheville,Blytheville,ARWendy's-Bryant,Bryant,ARWendy's-Cabot,Cabot,ARWendy's-Clarksville,Clarksville,ARWendy's-Conway,Conway,ARWendy's-Conway,Conway,ARWendy's-Conway,Conway,ARWendy's-El Dorado,El Dorado,ARWendy's-Fayetteville,Fayetteville,ARWendy's-Fayetteville,Fayetteville,ARWendy's-Forrest City,Forrest City,ARWendy's-Fort Smith,Fort Smith,ARWendy's-Fort Smith,Fort Smith,ARWendy's-Fort Smith,Fort Smith,ARWendy's-Harrison,Harrison,ARWendy's-Hope,Hope,ARWendy's-Hot Springs,Hot Springs,ARWendy's-Hot Springs,Hot Springs,ARWendy's-Hot Springs National Park,Hot Springs National Park,ARWendy's-Jacksonville,Jacksonville,ARWendy's-Jonesboro,Jonesboro,ARWendy's-Jonesboro,Jonesboro,ARWendy's-Jonesboro,Jonesboro,ARWendy's-Little Rock,Little Rock,ARWendy's-Little Rock,Little Rock,ARWendy's-Little Rock,Little Rock,ARWendy's-Little Rock,Little Rock,ARWendy's-Little Rock,Little Rock,ARWendy's-Little Rock,Little Rock,ARWendy's-Little Rock,Little Rock,ARWendy's-Little Rock,Little Rock,ARWendy's-Little Rock,Little Rock,ARWendy's-Little Rock,Little Rock,ARWendy's-Malvern,Malvern,ARWendy's-Marion,Marion,ARWendy's-Maumelle,Maumelle,ARWendy's-Mena,Mena,ARWendy's-Monticello,Monticello,ARWendy's-Morrilton,Morrilton,ARWendy's-Mountain Home,Mountain Home,ARWendy's-North Little Rock,North Little Rock,ARWendy's-North Little Rock,North Little Rock,ARWendy's-Paragould,Paragould,ARWendy's-Pine Bluff,Pine Bluff,ARWendy's-Pine Bluff,Pine Bluff,ARWendy's-Pine Bluff,Pine Bluff,ARWendy's-Pocahontas,Pocahontas,ARWendy's-Rogers,Rogers,ARWendy's-Russellville,Russellville,ARWendy's-Russellville,Russellville,ARWendy's-Searcy,Searcy,ARWendy's-Sherwood,Sherwood,ARWendy's-Springdale,Springdale,ARWendy's-Springdale,Springdale,ARWendy's-Stuttgart,Stuttgart,ARWendy's-Van Buren,Van Buren,ARWendy's-West Helena,West Helena,ARWendy's-West Memphis,West Memphis,ARWendy's-West Memphis,West Memphis,ARWendy's-Wynne,Wynne,ARWendy's-Avondale,Avondale,AZWendy's-Benson,Benson,AZWendy's-Buckeye,Buckeye,AZWendy's-Bullhead City,Bullhead City,AZWendy's-Camp Verde,Camp Verde,AZWendy's-Casa Grande,Casa Grande,AZWendy's-Casa Grande,Casa Grande,AZWendy's-Cave Creek,Cave Creek,AZWendy's-Chandler,Chandler,AZWendy's-Chandler,Chandler,AZWendy's-Chandler,Chandler,AZWendy's-Chandler,Chandler,AZWendy's-Ehrenberg,Ehrenberg,AZWendy's-Flagstaff,Flagstaff,AZWendy's-Flagstaff,Flagstaff,AZWendy's-Fountain Hills,Fountain Hills,AZWendy's-Gilbert,Gilbert,AZWendy's-Gilbert,Gilbert,AZWendy's-Gilbert,Gilbert,AZWendy's-Gilbert,Gilbert,AZWendy's-Gilbert,Gilbert,AZWendy's-Gilbert,Gilbert,AZWendy's-Gilbert,Gilbert,AZWendy's-Glendale,Glendale,AZWendy's-Glendale,Glendale,AZWendy's-Glendale,Glendale,AZWendy's-Glendale,Glendale,AZWendy's-Globe,Globe,AZWendy's-Goodyear,Goodyear,AZWendy's-Kingman,Kingman,AZWendy's-Mesa,Mesa,AZWendy's-Mesa,Mesa,AZWendy's-Mesa,Mesa,AZWendy's-Mesa,Mesa,AZWendy's-Mesa,Mesa,AZWendy's-Mesa,Mesa,AZWendy's-Mesa,Mesa,AZWendy's-Miami,Miami,AZWendy's-Payson,Payson,AZWendy's-Peoria,Peoria,AZWendy's-Phoenix,Phoenix,AZWendy's-Phoenix,Phoenix,AZWendy's-Phoenix,Phoenix,AZWendy's-Phoenix,Phoenix,AZWendy's-Phoenix,Phoenix,AZWendy's-Phoenix,Phoenix,AZWendy's-Phoenix,Phoenix,AZWendy's-Phoenix,Phoenix,AZWendy's-Phoenix,Phoenix,AZWendy's-Phoenix,Phoenix,AZWendy's-Phoenix,Phoenix,AZWendy's-Phoenix,Phoenix,AZWendy's-Phoenix,Phoenix,AZWendy's-Phoenix,Phoenix,AZWendy's-Phoenix,Phoenix,AZWendy's-Phoenix,Phoenix,AZWendy's-Phoenix,Phoenix,AZWendy's-Phoenix,Phoenix,AZWendy's-Phoenix,Phoenix,AZWendy's-Phoenix,Phoenix,AZWendy's-Phoenix,Phoenix,AZWendy's-Phoenix,Phoenix,AZWendy's-Phoenix,Phoenix,AZWendy's-Prescott,Prescott,AZWendy's-Prescott Valley,Prescott Valley,AZWendy's-Rio Rico,Rio Rico,AZWendy's-Scottsdale,Scottsdale,AZWendy's-Scottsdale,Scottsdale,AZWendy's-Scottsdale,Scottsdale,AZWendy's-Scottsdale,Scottsdale,AZWendy's-Sedona,Sedona,AZWendy's-Show Low,Show Low,AZWendy's-Sierra Vista,Sierra Vista,AZWendy's-Surprise,Surprise,AZWendy's-Surprise,Surprise,AZWendy's-Tempe,Tempe,AZWendy's-Tempe,Tempe,AZWendy's-Tempe,Tempe,AZWendy's-Tempe,Tempe,AZWendy's-Tempe,Tempe,AZWendy's-Tempe,Tempe,AZWendy's-Tempe,Tempe,AZWendy's-Tempe,Tempe,AZWendy's-Tucson,Tucson,AZWendy's-Tucson,Tucson,AZWendy's-Tucson,Tucson,AZWendy's-Tucson,Tucson,AZWendy's-Tucson,Tucson,AZWendy's-Tucson,Tucson,AZWendy's-Tucson,Tucson,AZWendy's-Tucson,Tucson,AZWendy's-Tucson,Tucson,AZWendy's-Tucson,Tucson,AZWendy's-Tucson,Tucson,AZWendy's-Tucson,Tucson,AZWendy's-Tucson,Tucson,AZWendy's-Tucson,Tucson,AZWendy's-Tucson,Tucson,AZWendy's-Yuma,Yuma,AZWendy's-Alhambra,Alhambra,CAWendy's-Alhambra,Alhambra,CAWendy's-Anaheim,Anaheim,CAWendy's-Anaheim,Anaheim,CAWendy's-Antioch,Antioch,CAWendy's-Apple Valley,Apple Valley,CAWendy's-Artesia,Artesia,CAWendy's-Bakersfield,Bakersfield,CAWendy's-Bakersfield,Bakersfield,CAWendy's-Bakersfield,Bakersfield,CAWendy's-Bakersfield,Bakersfield,CAWendy's-Bakersfield,Bakersfield,CAWendy's-Beaumont,Beaumont,CAWendy's-Belmont,Belmont,CAWendy's-Brentwood,Brentwood,CAWendy's-Buena Park,Buena Park,CAWendy's-Burbank,Burbank,CAWendy's-Camarillo,Camarillo,CAWendy's-Camarillo,Camarillo,CAWendy's-Canoga Park,Canoga Park,CAWendy's-Carson,Carson,CAWendy's-Castaic,Castaic,CAWendy's-Castro Valley,Castro Valley,CAWendy's-Chico,Chico,CAWendy's-Chino,Chino,CAWendy's-Chino Hills,Chino Hills,CAWendy's-Chula Vista,Chula Vista,CAWendy's-Chula Vista,Chula Vista,CAWendy's-Citrus Heights,Citrus Heights,CAWendy's-Citrus Heights,Citrus Heights,CAWendy's-Clovis,Clovis,CAWendy's-Coachella,Coachella,CAWendy's-Colton,Colton,CAWendy's-Concord,Concord,CAWendy's-Corona,Corona,CAWendy's-Corona,Corona,CAWendy's-Corona,Corona,CAWendy's-Corona,Corona,CAWendy's-Costa Mesa,Costa Mesa,CAWendy's-Covina,Covina,CAWendy's-Culver City,Culver City,CAWendy's-Cypress,Cypress,CAWendy's-Daly City,Daly City,CAWendy's-Davis,Davis,CAWendy's-Dixon,Dixon,CAWendy's-Downey,Downey,CAWendy's-Dublin,Dublin,CAWendy's-El Cajon,El Cajon,CAWendy's-El Cajon,El Cajon,CAWendy's-El Centro,El Centro,CAWendy's-El Monte,El Monte,CAWendy's-Elk Grove,Elk Grove,CAWendy's-Elk Grove,Elk Grove,CAWendy's-Encinitas,Encinitas,CAWendy's-Escondido,Escondido,CAWendy's-Eureka,Eureka,CAWendy's-Fairfield,Fairfield,CAWendy's-Fairfield,Fairfield,CAWendy's-Folsom,Folsom,CAWendy's-Folsom,Folsom,CAWendy's-Fontana,Fontana,CAWendy's-Fontana,Fontana,CAWendy's-Fontana,Fontana,CAWendy's-Fountain Valley,Fountain Valley,CAWendy's-Fremont,Fremont,CAWendy's-Fresno,Fresno,CAWendy's-Fresno,Fresno,CAWendy's-Fresno,Fresno,CAWendy's-Fresno,Fresno,CAWendy's-Fresno,Fresno,CAWendy's-Fresno,Fresno,CAWendy's-Fresno,Fresno,CAWendy's-Fresno,Fresno,CAWendy's-Fresno,Fresno,CAWendy's-Fresno,Fresno,CAWendy's-Fullerton,Fullerton,CAWendy's-Garden Grove,Garden Grove,CAWendy's-Gardena,Gardena,CAWendy's-Gilroy,Gilroy,CAWendy's-Glendora,Glendora,CAWendy's-Goleta,Goleta,CAWendy's-Hanford,Hanford,CAWendy's-Hawthorne,Hawthorne,CAWendy's-Hayward,Hayward,CAWendy's-Hemet,Hemet,CAWendy's-Hesperia,Hesperia,CAWendy's-Highland,Highland,CAWendy's-Hollywood,Los Angeles,CAWendy's-Huntington Beach,Huntington Beach,CAWendy's-Inglewood,Inglewood,CAWendy's-Irvine,Irvine,CAWendy's-Irvine,Irvine,CAWendy's-Irvine,Irvine,CAWendy's-La Habra,La Habra,CAWendy's-La Mesa,La Mesa,CAWendy's-La Mirada,La Mirada,CAWendy's-La Mirada,La Mirada,CAWendy's-La Quinta,La Quinta,CAWendy's-Laguna Hills,Laguna Hills,CAWendy's-Laguna Niguel,Laguna Niguel,CAWendy's-Lake Elsinore,Lake Elsinore,CAWendy's-Lakewood,Lakewood,CAWendy's-Lancaster,Lancaster,CAWendy's-Lancaster,Lancaster,CAWendy's-Lawndale,Lawndale,CAWendy's-Lebec,Lebec,CAWendy's-Livermore,Livermore,CAWendy's-Lodi,Lodi,CAWendy's-Lompoc,Lompoc,CAWendy's-Long Beach,Long Beach,CAWendy's-Los Alamitos,Los Alamitos,CAWendy's-Los Angeles,Los Angeles,CAWendy's-Los Angeles,Los Angeles,CAWendy's-Los Angeles,Los Angeles,CAWendy's-Madera,Madera,CAWendy's-Manteca,Manteca,CAWendy's-Martinez,Martinez,CAWendy's-Merced,Merced,CAWendy's-Millbrae,Millbrae,CAWendy's-Mission Valley,Mission Valley,CAWendy's-Modesto,Modesto,CAWendy's-Modesto,Modesto,CAWendy's-Modesto,Modesto,CAWendy's-Modesto,Modesto,CAWendy's-Monrovia,Monrovia,CAWendy's-Moorpark,Moorpark,CAWendy's-Moreno Valley,Moreno Valley,CAWendy's-Moreno Valley,Moreno Valley,CAWendy's-Murrieta,Murrieta,CAWendy's-N Palm Springs,N Palm Springs,CAWendy's-Napa,Napa,CAWendy's-Newark,Newark,CAWendy's-Northridge,Northridge,CAWendy's-Norwalk,Norwalk,CAWendy's-Oakland,Oakland,CAWendy's-Oakland,Oakland,CAWendy's-Oakland,Oakland,CAWendy's-Oceanside,Oceanside,CAWendy's-Oceanside,Oceanside,CAWendy's-Oceanside,Oceanside,CAWendy's-Oildale,Oildale,CAWendy's-Ojai,Ojai,CAWendy's-Ontario,Ontario,CAWendy's-Ontario,Ontario,CAWendy's-Ontario,Ontario,CAWendy's-Orange,Orange,CAWendy's-Orange,Orange,CAWendy's-Oroville,Oroville,CAWendy's-Oxnard,Oxnard,CAWendy's-Oxnard,Oxnard,CAWendy's-Pacheco,Pacheco,CAWendy's-Palm Desert,Palm Desert,CAWendy's-Palmdale,Palmdale,CAWendy's-Panorama City,Panorama City,CAWendy's-Paso Robles,Paso Robles,CAWendy's-Petaluma,Petaluma,CAWendy's-Pico Rivera,Pico Rivera,CAWendy's-Pinole,Pinole,CAWendy's-Pittsburg,Pittsburg,CAWendy's-Pomona,Pomona,CAWendy's-Pomona,Pomona,CAWendy's-Port Hueneme,Port Hueneme,CAWendy's-Porterville,Porterville,CAWendy's-Ramona,Ramona,CAWendy's-Rancho Cordova,Rancho Cordova,CAWendy's-Rancho Cucamonga,Rancho Cucamonga,CAWendy's-Rancho Cucamonga,Rancho Cucamonga,CAWendy's-Rancho Cucamonga,Rancho Cucamonga,CAWendy's-Rancho Mirage,Rancho Mirage,CAWendy's-Rancho Santa Margarita,Rancho Santa Margarita,CAWendy's-Red Bluff,Red Bluff,CAWendy's-Redding,Redding,CAWendy's-Redding,Redding,CAWendy's-Redlands,Redlands,CAWendy's-Redwood City,Redwood City,CAWendy's-Reseda,Reseda,CAWendy's-Rialto,Rialto,CAWendy's-Rialto,Rialto,CAWendy's-Richmond,Richmond,CAWendy's-Riverside,Riverside,CAWendy's-Riverside,Riverside,CAWendy's-Riverside,Riverside,CAWendy's-Riverside,Riverside,CAWendy's-Roseville,Roseville,CAWendy's-Roseville,Roseville,CAWendy's-Sacramento,Sacramento,CAWendy's-Sacramento,Sacramento,CAWendy's-Sacramento,Sacramento,CAWendy's-Sacramento,Sacramento,CAWendy's-Sacramento,Sacramento,CAWendy's-Sacramento,Sacramento,CAWendy's-Salinas,Salinas,CAWendy's-Salinas,Salinas,CAWendy's-San Bruno,San Bruno,CAWendy's-San Diego,San Diego,CAWendy's-San Diego,San Diego,CAWendy's-San Diego,San Diego,CAWendy's-San Diego,San Diego,CAWendy's-San Diego,San Diego,CAWendy's-San Diego,San Diego,CAWendy's-San Diego,San Diego,CAWendy's-San Diego,San Diego,CAWendy's-San Diego,San Diego,CAWendy's-San Diego,San Diego,CAWendy's-San Diego,San Diego,CAWendy's-San Diego,San Diego,CAWendy's-San Diego,San Diego,CAWendy's-San Jacinto,San Jacinto,CAWendy's-San Jose,San Jose,CAWendy's-San Jose,San Jose,CAWendy's-San Jose,San Jose,CAWendy's-San Jose,San Jose,CAWendy's-San Jose,San Jose,CAWendy's-San Jose,San Jose,CAWendy's-San Leandro,San Leandro,CAWendy's-San Lorenzo,San Lorenzo,CAWendy's-San Rafael,San Rafael,CAWendy's-Santa Ana,Santa Ana,CAWendy's-Santa Barbara,Santa Barbara,CAWendy's-Santa Clarita,Santa Clarita,CAWendy's-Santa Clarita,Santa Clarita,CAWendy's-Santa Maria,Santa Maria,CAWendy's-Santa Nella,Santa Nella,CAWendy's-Santa Rosa,Santa Rosa,CAWendy's-Santee,Santee,CAWendy's-Saugus,Saugus,CAWendy's-Scotts Valley,Scotts Valley,CAWendy's-Seaside,Seaside,CAWendy's-Simi Valley,Simi Valley,CAWendy's-South San Francisco,South San Francisco,CAWendy's-Stanton,Stanton,CAWendy's-Stockton,Stockton,CAWendy's-Stockton,Stockton,CAWendy's-Stockton,Stockton,CAWendy's-Stockton,Stockton,CA