Business,ZIPWendy's-Anchorage,99515-3038Wendy's-Anchorage,99503-4152Wendy's-Anchorage,99517-2912Wendy's-Fairbanks,99701-4007Wendy's-North Pole,99705-7752Wendy's-Wasilla,99654-6924Wendy's-Albertville,35950-1158Wendy's-Alexander City,35010-3678Wendy's-Anniston,36201-3846Wendy's-Athens,35611-4411Wendy's-Attalla,35954-2912Wendy's-Auburn,36832-5872Wendy's-Auburn,36830-5727Wendy's-Bessemer,35022-6449Wendy's-Bessemer,35022-8396Wendy's-Birmingham,35223-2405Wendy's-Birmingham,35235-3197Wendy's-Birmingham,35209-3803Wendy's-Birmingham,35242-5093Wendy's-Birmingham,35210-1922Wendy's-Birmingham,35204-1342Wendy's-Birmingham,35215-7302Wendy's-Boaz,Wendy's-Brent,35034-3904Wendy's-Centre,35960-2832Wendy's-Clanton,35045-3766Wendy's-Cottondale,35453-1961Wendy's-Cullman,35058-5907Wendy's-Daphne,36526-7302Wendy's-Decatur,35601-5504Wendy's-Decatur,35601-5904Wendy's-Decatur,35603-5720Wendy's-Dothan,36301-5748Wendy's-Dothan,36303-2525Wendy's-Enterprise,36330-3621Wendy's-Eufaula,36027-2702Wendy's-Fairhope,36532-1904Wendy's-Florence,35630-1540Wendy's-Foley,36535-3407Wendy's-Fort Payne,35967-3038Wendy's-Gadsden,35903-1051Wendy's-Gardendale,35071-2559Wendy's-Greenville,36037-3612Wendy's-Guntersville,35976-1821Wendy's-Homewood,35209-7170Wendy's-Hoover,35244-1215Wendy's-Huntsville,Wendy's-Huntsville,35803-2231Wendy's-Huntsville,35810-3820Wendy's-Huntsville,35802-4913Wendy's-Huntsville,35801-5632Wendy's-Huntsville,35816-3002Wendy's-Huntsville,35806-1748Wendy's-Jacksonville,36265-2142Wendy's-Jasper,35501-3742Wendy's-Leeds,35094-1101Wendy's-Madison,35758-9557Wendy's-Madison,35758-1808Wendy's-Midfield,35228-2102Wendy's-Mobile,36695-3923Wendy's-Mobile,36606-3628Wendy's-Mobile,36606-4002Wendy's-Mobile,36608-5024Wendy's-Mobile,36609-4212Wendy's-Mobile,36618-2621Wendy's-Mobile,36604-2417Wendy's-Montgomery,36107-3112Wendy's-Montgomery,36116-2404Wendy's-Montgomery,Wendy's-Montgomery,36117-2107Wendy's-Montgomery,36104-3633Wendy's-Montgomery,36117-6875Wendy's-Montgomery,Wendy's-Montgomery,36116-1149Wendy's-Muscle Shoals,35661-2239Wendy's-Northport,35476-2926Wendy's-Opelika,36801-4356Wendy's-Oxford,36203-3444Wendy's-Oxford,36203-2362Wendy's-Ozark,Wendy's-Pelham,35124-2012Wendy's-Pelham,35124-1371Wendy's-Pell City,35125-7806Wendy's-Phenix City,36870Wendy's-Prattville,36067Wendy's-Prattville,36066Wendy's-Rainbow City,35906-6201Wendy's-Robertsdale,36567-6700Wendy's-Saraland,36571-3601Wendy's-Scottsboro,35769-3928Wendy's-Selma,36701-6226Wendy's-Spanish Fort,36527-5811Wendy's-Sylacauga,35150-2458Wendy's-Talladega,35160-2549Wendy's-Theodore,36582-4075Wendy's-Troy,36081-3001Wendy's-Trussville,35173-1081Wendy's-Tuscaloosa,35401-3609Wendy's-Tuscaloosa,35404-4555Wendy's-Tuscaloosa,35405-3661Wendy's-Valley,36854-2843Wendy's-Wetumpka,36092-3312Wendy's-Arkadelphia,71923-9633Wendy's-Batesville,72501-7625Wendy's-Benton,72015-2917Wendy's-Bentonville,72712-6235Wendy's-Blytheville,72315-2552Wendy's-Bryant,72022-2534Wendy's-Cabot,72023-2850Wendy's-Clarksville,72830-9159Wendy's-Conway,72032-9178Wendy's-Conway,72032-4646Wendy's-Conway,72034-7980Wendy's-El Dorado,71730-3850Wendy's-Fayetteville,72701-6202Wendy's-Fayetteville,72703-2612Wendy's-Forrest City,72335-9579Wendy's-Fort Smith,72901-8416Wendy's-Fort Smith,72903-5552Wendy's-Fort Smith,72901-4922Wendy's-Harrison,72601-2146Wendy's-Hope,71801-2522Wendy's-Hot Springs,71913-4024Wendy's-Hot Springs,71901-5421Wendy's-Hot Springs National Park,71913-7437Wendy's-Jacksonville,72076-4434Wendy's-Jonesboro,72404-8849Wendy's-Jonesboro,72404-8404Wendy's-Jonesboro,72401-4408Wendy's-Little Rock,72211-2821Wendy's-Little Rock,72204-8010Wendy's-Little Rock,72212-4121Wendy's-Little Rock,72204-7834Wendy's-Little Rock,72205-3732Wendy's-Little Rock,72201Wendy's-Little Rock,72207-4145Wendy's-Little Rock,72209-5051Wendy's-Little Rock,72209-5903Wendy's-Little Rock,72201-4125Wendy's-Malvern,72104-2203Wendy's-Marion,72364-2832Wendy's-Maumelle,72113-6726Wendy's-Mena,71953-4313Wendy's-Monticello,71655-4013Wendy's-Morrilton,72110-4505Wendy's-Mountain Home,72653Wendy's-North Little Rock,72116-8055Wendy's-North Little Rock,72118-3606Wendy's-Paragould,72450-2617Wendy's-Pine Bluff,71601-5701Wendy's-Pine Bluff,71603-4959Wendy's-Pine Bluff,71601-7614Wendy's-Pocahontas,72455Wendy's-Rogers,72756-3248Wendy's-Russellville,72802-1542Wendy's-Russellville,72801-3847Wendy's-Searcy,72143-4861Wendy's-Sherwood,72120-3892Wendy's-Springdale,72764-6204Wendy's-Springdale,72762-4813Wendy's-Stuttgart,72160Wendy's-Van Buren,72956-2231Wendy's-West Helena,72390-2712Wendy's-West Memphis,72301-3784Wendy's-West Memphis,72301-2621Wendy's-Wynne,72396Wendy's-Avondale,85323-5309Wendy's-Benson,85602-6502Wendy's-Buckeye,85326-3418Wendy's-Bullhead City,86442-6097Wendy's-Camp Verde,86322-6001Wendy's-Casa Grande,85122-4215Wendy's-Casa Grande,85122-9641Wendy's-Cave Creek,85331-4717Wendy's-Chandler,85286-6507Wendy's-Chandler,85224-5202Wendy's-Chandler,85226-3422Wendy's-Chandler,85225-2929Wendy's-Ehrenberg,Wendy's-Flagstaff,86001-0817Wendy's-Flagstaff,86004-2409Wendy's-Fountain Hills,85268-6631Wendy's-Gilbert,85234-2304Wendy's-Gilbert,85295-0711Wendy's-Gilbert,85296-8483Wendy's-Gilbert,85233-7160Wendy's-Gilbert,85297-0600Wendy's-Gilbert,85296-3855Wendy's-Gilbert,85233-2279Wendy's-Glendale,85306-4105Wendy's-Glendale,85302-3826Wendy's-Glendale,85308-3712Wendy's-Glendale,85308-0502Wendy's-Globe,Wendy's-Goodyear,85395-3800Wendy's-Kingman,86401-5427Wendy's-Mesa,85210-4644Wendy's-Mesa,85201-2543Wendy's-Mesa,85215-2973Wendy's-Mesa,85209-8300Wendy's-Mesa,85206-3906Wendy's-Mesa,85205-7901Wendy's-Mesa,85209-3302Wendy's-Miami,85539-9792Wendy's-Payson,85541-4819Wendy's-Peoria,85345-5932Wendy's-Phoenix,85032-7721Wendy's-Phoenix,85021-8870Wendy's-Phoenix,85016-4711Wendy's-Phoenix,85027-3207Wendy's-Phoenix,85027-1920Wendy's-Phoenix,85006-2440Wendy's-Phoenix,85035-1212Wendy's-Phoenix,85023-5948Wendy's-Phoenix,85017-4202Wendy's-Phoenix,85012-1820Wendy's-Phoenix,85029-5206Wendy's-Phoenix,85034-4423Wendy's-Phoenix,85017-1916Wendy's-Phoenix,85034-4403Wendy's-Phoenix,85053-3825Wendy's-Phoenix,85034-3712Wendy's-Phoenix,85032-2317Wendy's-Phoenix,85044-6414Wendy's-Phoenix,85048-0805Wendy's-Phoenix,85031-2604Wendy's-Phoenix,85022-2356Wendy's-Phoenix,85054-6154Wendy's-Phoenix,85037-5006Wendy's-Prescott,Wendy's-Prescott Valley,86314-1246Wendy's-Rio Rico,85648-6235Wendy's-Scottsdale,85260-1908Wendy's-Scottsdale,85251-7210Wendy's-Scottsdale,85251-1873Wendy's-Scottsdale,85258-5038Wendy's-Sedona,86351-7982Wendy's-Show Low,85901-7837Wendy's-Sierra Vista,85635-2628Wendy's-Surprise,85378-9798Wendy's-Surprise,85379-6345Wendy's-Tempe,85283-1315Wendy's-Tempe,85281-6802Wendy's-Tempe,85283-1117Wendy's-Tempe,85284-4528Wendy's-Tempe,85284-1004Wendy's-Tempe,85282-4205Wendy's-Tempe,85284-2971Wendy's-Tempe,85282-1219Wendy's-Tucson,85719-4604Wendy's-Tucson,85746-6018Wendy's-Tucson,85745-2667Wendy's-Tucson,85706-5950Wendy's-Tucson,85714-1974Wendy's-Tucson,85719-1534Wendy's-Tucson,85741-2821Wendy's-Tucson,85712-2508Wendy's-Tucson,85705-1633Wendy's-Tucson,85712-4950Wendy's-Tucson,85742-9559Wendy's-Tucson,85710-5115Wendy's-Tucson,85710-2802Wendy's-Tucson,85741-4202Wendy's-Tucson,85715-4332Wendy's-Yuma,85364-4722Wendy's-Alhambra,91801-5235Wendy's-Alhambra,91801-6314Wendy's-Anaheim,92806-2701Wendy's-Anaheim,92801-4616Wendy's-Antioch,94509-2601Wendy's-Apple Valley,Wendy's-Artesia,90701-3804Wendy's-Bakersfield,93307-6536Wendy's-Bakersfield,93306-3147Wendy's-Bakersfield,93313-4800Wendy's-Bakersfield,93309-1001Wendy's-Bakersfield,93312-2161Wendy's-Beaumont,92223-2541Wendy's-Belmont,94002-2813Wendy's-Brentwood,94513Wendy's-Buena Park,90621-3429Wendy's-Burbank,91502-1647Wendy's-Camarillo,93010-8353Wendy's-Camarillo,93010-6431Wendy's-Canoga Park,91304-4342Wendy's-Carson,90745-5744Wendy's-Castaic,91384-3901Wendy's-Castro Valley,94546-5124Wendy's-Chico,95926-1317Wendy's-Chino,91710-5618Wendy's-Chino Hills,91709-6005Wendy's-Chula Vista,91910-2113Wendy's-Chula Vista,91914-3558Wendy's-Citrus Heights,95621-1044Wendy's-Citrus Heights,95610-6907Wendy's-Clovis,93612-3807Wendy's-Coachella,92236-1496Wendy's-Colton,Wendy's-Concord,94520-4201Wendy's-Corona,92880Wendy's-Corona,92881-4634Wendy's-Corona,92879-1205Wendy's-Corona,92879-3301Wendy's-Costa Mesa,92627-3213Wendy's-Covina,91724-2950Wendy's-Culver City,90232-2305Wendy's-Cypress,90630-4647Wendy's-Daly City,94014-2952Wendy's-Davis,95618-6383Wendy's-Dixon,95620-9241Wendy's-Downey,90242-5230Wendy's-Dublin,94568-3020Wendy's-El Cajon,92019-2459Wendy's-El Cajon,92021-4638Wendy's-El Centro,92243-1914Wendy's-El Monte,91731-1024Wendy's-Elk Grove,95624-4072Wendy's-Elk Grove,95758-7414Wendy's-Encinitas,92024-3642Wendy's-Escondido,92029-2140Wendy's-Eureka,95501-0118Wendy's-Fairfield,94533-3201Wendy's-Fairfield,94534-1669Wendy's-Folsom,95630-3508Wendy's-Folsom,95630-8708Wendy's-Fontana,92336-3621Wendy's-Fontana,92336-5388Wendy's-Fontana,92335-6825Wendy's-Fountain Valley,92708-5161Wendy's-Fremont,94538-1175Wendy's-Fresno,93706-3215Wendy's-Fresno,93703-2108Wendy's-Fresno,93706-5114Wendy's-Fresno,93722-6226Wendy's-Fresno,93726-0104Wendy's-Fresno,93650-1242Wendy's-Fresno,93710-8104Wendy's-Fresno,93727-1951Wendy's-Fresno,93720-3324Wendy's-Fresno,93727-4514Wendy's-Fullerton,92835-1351Wendy's-Garden Grove,92840-2821Wendy's-Gardena,90248-3222Wendy's-Gilroy,95020-6570Wendy's-Glendora,91740-5348Wendy's-Goleta,93117-3421Wendy's-Hanford,93230-7439Wendy's-Hawthorne,90250-3374Wendy's-Hayward,94544-1014Wendy's-Hemet,92545-3563Wendy's-Hesperia,92345-6111Wendy's-Highland,92346-3325Wendy's-Hollywood,90027-6022Wendy's-Huntington Beach,92647-3406Wendy's-Inglewood,90303-1201Wendy's-Irvine,Wendy's-Irvine,92604-0303Wendy's-Irvine,92618-2346Wendy's-La Habra,90631-6942Wendy's-La Mesa,91941-8001Wendy's-La Mirada,90638-4722Wendy's-La Mirada,90638-5232Wendy's-La Quinta,92253-2060Wendy's-Laguna Hills,92653-4618Wendy's-Laguna Niguel,92677-1565Wendy's-Lake Elsinore,92532-2240Wendy's-Lakewood,90712-1152Wendy's-Lancaster,93534-7076Wendy's-Lancaster,93534-2309Wendy's-Lawndale,90260Wendy's-Lebec,93243-9713Wendy's-Livermore,94551-7640Wendy's-Lodi,95240-5964Wendy's-Lompoc,93436-3307Wendy's-Long Beach,90815-2018Wendy's-Los Alamitos,90720-3958Wendy's-Los Angeles,90007-3159Wendy's-Los Angeles,90046-4411Wendy's-Los Angeles,90045-1740Wendy's-Madera,93637-9771Wendy's-Manteca,95336-5004Wendy's-Martinez,94553-3908Wendy's-Merced,95340-6140Wendy's-Millbrae,94030-3132Wendy's-Mission Valley,Wendy's-Modesto,95351-5011Wendy's-Modesto,95350-4528Wendy's-Modesto,95351-1146Wendy's-Modesto,95356-0541Wendy's-Monrovia,91016-2173Wendy's-Moorpark,93021-2063Wendy's-Moreno Valley,92553-7501Wendy's-Moreno Valley,92555-4415Wendy's-Murrieta,92563-6400Wendy's-N Palm Springs,Wendy's-Napa,94558-2914Wendy's-Newark,94560-1221Wendy's-Northridge,91324-1308Wendy's-Norwalk,90650-3020Wendy's-Oakland,94603-1003Wendy's-Oakland,94601-2901Wendy's-Oakland,94618-1425Wendy's-Oceanside,92054-2843Wendy's-Oceanside,92056-4622Wendy's-Oceanside,92057-6263Wendy's-Oildale,Wendy's-Ojai,93023-3848Wendy's-Ontario,91764-4412Wendy's-Ontario,91761-0739Wendy's-Ontario,91764-5008Wendy's-Orange,92867-5147Wendy's-Orange,92868-1608Wendy's-Oroville,95965-5713Wendy's-Oxnard,93036-5052Wendy's-Oxnard,93036-1245Wendy's-Pacheco,94553-5613Wendy's-Palm Desert,92211-7292Wendy's-Palmdale,93551-3754Wendy's-Panorama City,91402-4104Wendy's-Paso Robles,93446-4844Wendy's-Petaluma,94952-3218Wendy's-Pico Rivera,90660-3783Wendy's-Pinole,94564-2230Wendy's-Pittsburg,94565-5021Wendy's-Pomona,91767-1400Wendy's-Pomona,91766-6819Wendy's-Port Hueneme,93041-3210Wendy's-Porterville,93257-1774Wendy's-Ramona,92065-5240Wendy's-Rancho Cordova,95742-6246Wendy's-Rancho Cucamonga,91739-2577Wendy's-Rancho Cucamonga,91739-8030Wendy's-Rancho Cucamonga,91730-3450Wendy's-Rancho Mirage,92270-2708Wendy's-Rancho Santa Margarita,92688-3923Wendy's-Red Bluff,96080-4357Wendy's-Redding,96001-1920Wendy's-Redding,96002-1019Wendy's-Redlands,92373-8030Wendy's-Redwood City,94063-2111Wendy's-Reseda,91335-3557Wendy's-Rialto,92376-4686Wendy's-Rialto,92376-3607Wendy's-Richmond,94805-2452Wendy's-Riverside,92503-3440Wendy's-Riverside,92506-2702Wendy's-Riverside,92509-5110Wendy's-Riverside,92508-9474Wendy's-Roseville,95661-3025Wendy's-Roseville,95678-6126Wendy's-Sacramento,95832-1009Wendy's-Sacramento,95821-6230Wendy's-Sacramento,95826-2699Wendy's-Sacramento,95834-1240Wendy's-Sacramento,95821-7012Wendy's-Sacramento,95823-9606Wendy's-Salinas,93906-2828Wendy's-Salinas,93907-1991Wendy's-San Bruno,94066-4246Wendy's-San Diego,92101-5001Wendy's-San Diego,Wendy's-San Diego,92127-3506Wendy's-San Diego,92128-4660Wendy's-San Diego,92154-7711Wendy's-San Diego,92109-4458Wendy's-San Diego,92104-1202Wendy's-San Diego,92110-5203Wendy's-San Diego,92111-1900Wendy's-San Diego,92120-2306Wendy's-San Diego,92108-5502Wendy's-San Diego,92119-2048Wendy's-San Diego,92123-1212Wendy's-San Jacinto,92583-5605Wendy's-San Jose,95110-3618Wendy's-San Jose,95121-1562Wendy's-San Jose,95116-1432Wendy's-San Jose,95124-1447Wendy's-San Jose,95128-2603Wendy's-San Jose,95129-3406Wendy's-San Leandro,94577-1536Wendy's-San Lorenzo,94580-3143Wendy's-San Rafael,94901-5338Wendy's-Santa Ana,92705-8601Wendy's-Santa Barbara,Wendy's-Santa Clarita,91321-2348Wendy's-Santa Clarita,91355-0990Wendy's-Santa Maria,93455-1346Wendy's-Santa Nella,95322-9733Wendy's-Santa Rosa,95407-7619Wendy's-Santee,92071-3807Wendy's-Saugus,91350-2353Wendy's-Scotts Valley,95066-3476Wendy's-Seaside,93955-5715Wendy's-Simi Valley,93065-2019Wendy's-South San Francisco,94080-7049Wendy's-Stanton,90680-4001Wendy's-Stockton,95219-7227Wendy's-Stockton,95207-6569Wendy's-Stockton,95212-2803Wendy's-Stockton,95215-2307