Business,Address,City,State,ZIP
Wendy's-Anchorage,11310 Old Seward Hwy,Anchorage,AK,99515-3038
Wendy's-Anchorage,2927 Seward Hwy,Anchorage,AK,99503-4152
Wendy's-Anchorage,4407 Spenard Rd,Anchorage,AK,99517-2912
Wendy's-Fairbanks,1859 Airport Way,Fairbanks,AK,99701-4007
Wendy's-North Pole,33 Saint Nicholas Dr,North Pole,AK,99705-7752
Wendy's-Wasilla,701 W Parks Hwy,Wasilla,AK,99654-6924
Wendy's-Albertville,7921 US Highway 431,Albertville,AL,35950-1158
Wendy's-Alexander City,2533 Highway 280,Alexander City,AL,35010-3678
Wendy's-Anniston,1501 Quintard Ave,Anniston,AL,36201-3846
Wendy's-Athens,1603 US Highway 72 E,Athens,AL,35611-4411
Wendy's-Attalla,919 Cleveland Ave,Attalla,AL,35954-2912
Wendy's-Auburn,1714 S College St,Auburn,AL,36832-5872
Wendy's-Auburn,2607 Hilton Garden Dr,Auburn,AL,36830-5727
Wendy's-Bessemer,2931 Morgan Rd,Bessemer,AL,35022-6449
Wendy's-Bessemer,800 Academy Dr,Bessemer,AL,35022-8396
Wendy's-Birmingham,2727 Highway 280 S,Mountain Brk,AL,35223-2405
Wendy's-Birmingham,3211 Edwards Lake Pkwy,Birmingham,AL,35235-3197
Wendy's-Birmingham,345 Valley Ave,Birmingham,AL,35209-3803
Wendy's-Birmingham,4671 Highway 280,Birmingham,AL,35242-5093
Wendy's-Birmingham,7724 Crestwood Blvd,Irondale,AL,35210-1922
Wendy's-Birmingham,901 Bankhead Hwy W,Birmingham,AL,35204-1342
Wendy's-Birmingham,9870 Parkway E,Birmingham,AL,35215-7302
Wendy's-Boaz,595 Us 431,Boaz,AL,
Wendy's-Brent,10393 Highway 5,Brent,AL,35034-3904
Wendy's-Centre,2060 W Main St,Centre,AL,35960-2832
Wendy's-Clanton,1305 7th St S,Clanton,AL,35045-3766
Wendy's-Cottondale,3201 Buttermilk Rd,Cottondale,AL,35453-1961
Wendy's-Cullman,5801 AL Highway 157,Cullman,AL,35058-5907
Wendy's-Daphne,29181 US Highway 98,Daphne,AL,36526-7302
Wendy's-Decatur,1422 Beltline Rd SW,Decatur,AL,35601-5504
Wendy's-Decatur,1720 6th Ave SE,Decatur,AL,35601-5904
Wendy's-Decatur,3240 Point Mallard Pkwy SE,Decatur,AL,35603-5720
Wendy's-Dothan,2100 Ross Clark Cir,Dothan,AL,36301-5748
Wendy's-Dothan,3456 Ross Clark Cir,Dothan,AL,36303-2525
Wendy's-Enterprise,1002 Rucker Blvd,Enterprise,AL,36330-3621
Wendy's-Eufaula,1010 S Eufaula Ave,Eufaula,AL,36027-2702
Wendy's-Fairhope,371 Greeno Rd S,Fairhope,AL,36532-1904
Wendy's-Florence,370 Cox Creek Pkwy,Florence,AL,35630-1540
Wendy's-Foley,2501 S McKenzie St,Foley,AL,36535-3407
Wendy's-Fort Payne,1100 Gault Ave N,Fort Payne,AL,35967-3038
Wendy's-Gadsden,410 E Meighan Blvd,Gadsden,AL,35903-1051
Wendy's-Gardendale,1009 Fulton Ave,Gardendale,AL,35071-2559
Wendy's-Greenville,905 Fort Dale Rd,Greenville,AL,36037-3612
Wendy's-Guntersville,1701 Gunter Ave,Guntersville,AL,35976-1821
Wendy's-Homewood,213 State Farm Pkwy,Homewood,AL,35209-7170
Wendy's-Hoover,1791 Montgomery Hwy S,Hoover,AL,35244-1215
Wendy's-Huntsville,1624 Us 72 E,Huntsville,AL,
Wendy's-Huntsville,2005 Hobbs Rd SE,Huntsville,AL,35803-2231
Wendy's-Huntsville,2200 Sparkman Dr NW,Huntsville,AL,35810-3820
Wendy's-Huntsville,2750 Carl T Jones Dr SE,Huntsville,AL,35802-4913
Wendy's-Huntsville,2800 Memorial Pkwy SW,Huntsville,AL,35801-5632
Wendy's-Huntsville,4016 University Dr NW,Huntsville,AL,35816-3002
Wendy's-Huntsville,6102 University Dr NW,Huntsville,AL,35806-1748
Wendy's-Jacksonville,419 Pelham Rd N,Jacksonville,AL,36265-2142
Wendy's-Jasper,300 Highway 78 W,Jasper,AL,35501-3742
Wendy's-Leeds,2045 Village Dr,Leeds,AL,35094-1101
Wendy's-Madison,7782 Highway 72 W,Madison,AL,35758-9557
Wendy's-Madison,8814 Madison Blvd,Madison,AL,35758-1808
Wendy's-Midfield,104 Bessemer Super Hwy,Midfield,AL,35228-2102
Wendy's-Mobile,1275 Hillcrest Rd,Mobile,AL,36695-3923
Wendy's-Mobile,3113 Airport Blvd,Mobile,AL,36606-3628
Wendy's-Mobile,3270 Dauphin St,Mobile,AL,36606-4002
Wendy's-Mobile,7799 Airport Blvd,Mobile,AL,36608-5024
Wendy's-Mobile,3957 Cottage Hill Rd,Mobile,AL,36609-4212
Wendy's-Mobile,5623 Moffett Rd,Mobile,AL,36618-2621
Wendy's-Mobile,959 Government St,Mobile,AL,36604-2417
Wendy's-Montgomery,1414 Ann St,Montgomery,AL,36107-3112
Wendy's-Montgomery,2231 E South Blvd,Montgomery,AL,36116-2404
Wendy's-Montgomery,2545 Congressman William L Dickerson Dr,Montgomery,AL,
Wendy's-Montgomery,5755 Atlanta Hwy,Montgomery,AL,36117-2107
Wendy's-Montgomery,625 Madison Ave,Montgomery,AL,36104-3633
Wendy's-Montgomery,6930 Eastchase Loop,Montgomery,AL,36117-6875
Wendy's-Montgomery,I-65 Exit 168 1195 West South Blvd,Montgomery,AL,
Wendy's-Montgomery,5010 Vaughn Rd,Montgomery,AL,36116-1149
Wendy's-Muscle Shoals,1401 Woodward Ave,Muscle Shoals,AL,35661-2239
Wendy's-Northport,1920 McFarland Blvd,Northport,AL,35476-2926
Wendy's-Opelika,1002 2nd Ave,Opelika,AL,36801-4356
Wendy's-Oxford,150 Leon Smith Pkwy,Oxford,AL,36203-3444
Wendy's-Oxford,75 Tower Rd,Oxford,AL,36203-2362
Wendy's-Ozark,1532 S Us 231,Ozark,AL,
Wendy's-Pelham,3530 Pelham Pkwy,Pelham,AL,35124-2012
Wendy's-Pelham,579 Cahaba Valley Rd,Pelham,AL,35124-1371
Wendy's-Pell City,170 Vaughan Ln,Pell City,AL,35125-7806
Wendy's-Phenix City,3900 US Highway 80 W,Phenix City,AL,36870
Wendy's-Prattville,696 E Main St,Prattville,AL,36067
Wendy's-Prattville,793 Business Park Dr,Prattville,AL,36066
Wendy's-Rainbow City,3337 Rainbow Dr,Rainbow City,AL,35906-6201
Wendy's-Robertsdale,21950 State Highway 59 S,Robertsdale,AL,36567-6700
Wendy's-Saraland,803 Saraland Blvd S,Saraland,AL,36571-3601
Wendy's-Scottsboro,1403 County Park Rd,Scottsboro,AL,35769-3928
Wendy's-Selma,405 Highland Ave,Selma,AL,36701-6226
Wendy's-Spanish Fort,30500 State Highway 181 Ste 618,Spanish Fort,AL,36527-5811
Wendy's-Sylacauga,816 W Fort Williams St,Sylacauga,AL,35150-2458
Wendy's-Talladega,824 Battle St E,Talladega,AL,35160-2549
Wendy's-Theodore,6955 Theodore Dawes Rd,Theodore,AL,36582-4075
Wendy's-Troy,1101 Highway 231 S,Troy,AL,36081-3001
Wendy's-Trussville,1101 N Chalkville Rd,Trussville,AL,35173-1081
Wendy's-Tuscaloosa,204 15th St E,Tuscaloosa,AL,35401-3609
Wendy's-Tuscaloosa,4422 Old Birmingham Hwy,Tuscaloosa,AL,35404-4555
Wendy's-Tuscaloosa,5018 Oscar Baxter Dr,Tuscaloosa,AL,35405-3661
Wendy's-Valley,2901 20th Ave,Valley,AL,36854-2843
Wendy's-Wetumpka,4624 US Highway 231,Wetumpka,AL,36092-3312
Wendy's-Arkadelphia,122 Valley St,Caddo Valley,AR,71923-9633
Wendy's-Batesville,1425 S Saint Louis St,Batesville,AR,72501-7625
Wendy's-Benton,1706 Military Rd,Benton,AR,72015-2917
Wendy's-Bentonville,814 S Walton Blvd,Bentonville,AR,72712-6235
Wendy's-Blytheville,1010 E Hollywood Ave,Blytheville,AR,72315-2552
Wendy's-Bryant,2206 N Reynolds Rd,Bryant,AR,72022-2534
Wendy's-Cabot,2 Kmart Plz,Cabot,AR,72023-2850
Wendy's-Clarksville,1222 S Rogers St,Clarksville,AR,72830-9159
Wendy's-Conway,1200 Old Morrilton Hwy,Conway,AR,72032-9178
Wendy's-Conway,311 Oak St,Conway,AR,72032-4646
Wendy's-Conway,3750 Dave Ward Dr,Conway,AR,72034-7980
Wendy's-El Dorado,1114 N West Ave,El Dorado,AR,71730-3850
Wendy's-Fayetteville,1473 W Martin Luther King Blvd,Fayetteville,AR,72701-6202
Wendy's-Fayetteville,2050 N College Ave,Fayetteville,AR,72703-2612
Wendy's-Forrest City,3302 N Washington St,Forrest City,AR,72335-9579
Wendy's-Fort Smith,1924 S Zero St,Fort Smith,AR,72901-8416
Wendy's-Fort Smith,8210 Rogers Ave,Fort Smith,AR,72903-5552
Wendy's-Fort Smith,1000 Towson Ave,Fort Smith,AR,72901-4922
Wendy's-Harrison,917 Highway 62 65 N,Harrison,AR,72601-2146
Wendy's-Hope,1615 N Hervey St,Hope,AR,71801-2522
Wendy's-Hot Springs,1511 Albert Pike Rd,Hot Springs,AR,71913-4024
Wendy's-Hot Springs,249 W Grand Ave,Hot Springs,AR,71901-5421
Wendy's-Hot Springs National Park,4332 Central Ave,Hot Springs National Park,AR,71913-7437
Wendy's-Jacksonville,708 W Main St,Jacksonville,AR,72076-4434
Wendy's-Jonesboro,2308 E Parker Rd,Jonesboro,AR,72404-8849
Wendy's-Jonesboro,3102 Southwest Dr,Jonesboro,AR,72404-8404
Wendy's-Jonesboro,710 S Caraway Rd,Jonesboro,AR,72401-4408
Wendy's-Little Rock,10623 W Markham St,Little Rock,AR,72211-2821
Wendy's-Little Rock,10924 Colonel Glenn Rd,Little Rock,AR,72204-8010
Wendy's-Little Rock,11319 N Rodney Parham Rd,Little Rock,AR,72212-4121
Wendy's-Little Rock,3923 S University Ave,Little Rock,AR,72204-7834
Wendy's-Little Rock,4920 W Markham St,Little Rock,AR,72205-3732
Wendy's-Little Rock,604 Broadway St,Little Rock,AR,72201
Wendy's-Little Rock,7312 Cantrell Rd,Little Rock,AR,72207-4145
Wendy's-Little Rock,8703 Geyer Springs Rd,Little Rock,AR,72209-5051
Wendy's-Little Rock,8901 Baseline Rd,Little Rock,AR,72209-5903
Wendy's-Little Rock,905 Broadway St,Little Rock,AR,72201-4125
Wendy's-Malvern,1902 Martin Luther King Blvd,Malvern,AR,72104-2203
Wendy's-Marion,304 Bancario,Marion,AR,72364-2832
Wendy's-Maumelle,120 Carnahan Dr,Maumelle,AR,72113-6726
Wendy's-Mena,901 Highway 71 N,Mena,AR,71953-4313
Wendy's-Monticello,335 Highway 425 N,Monticello,AR,71655-4013
Wendy's-Morrilton,1631 E Harding St,Morrilton,AR,72110-4505
Wendy's-Mountain Home,1123 Highway 62 E,Mountain Home,AR,72653
Wendy's-North Little Rock,3924 McCain Blvd,North Little Rock,AR,72116-8055
Wendy's-North Little Rock,4600 Camp Robinson Rd,North Little Rock,AR,72118-3606
Wendy's-Paragould,2806 W Kingshighway,Paragould,AR,72450-2617
Wendy's-Pine Bluff,1205 S Main St,Pine Bluff,AR,71601-5701
Wendy's-Pine Bluff,2909 W 28th Ave,Pine Bluff,AR,71603-4959
Wendy's-Pine Bluff,2910 Pines Mall Dr,Pine Bluff,AR,71601-7614
Wendy's-Pocahontas,2207 Highway 67 S,Pocahontas,AR,72455
Wendy's-Rogers,2200 W Walnut St,Rogers,AR,72756-3248
Wendy's-Russellville,215 SR 331,Russellville,AR,72802-1542
Wendy's-Russellville,721 N Arkansas Ave,Russellville,AR,72801-3847
Wendy's-Searcy,2005 E Race Ave,Searcy,AR,72143-4861
Wendy's-Sherwood,8500 Highway 107,Sherwood,AR,72120-3892
Wendy's-Springdale,2000 S Pleasant St,Springdale,AR,72764-6204
Wendy's-Springdale,4621 W Sunset Ave,Springdale,AR,72762-4813
Wendy's-Stuttgart,405 E 22nd St,Stuttgart,AR,72160
Wendy's-Van Buren,1610 Fayetteville Rd,Van Buren,AR,72956-2231
Wendy's-West Helena,278 Richmond Hl,West Helena,AR,72390-2712
Wendy's-West Memphis,1100 Martin Luther King Dr,West Memphis,AR,72301-3784
Wendy's-West Memphis,1223 N Missouri St,West Memphis,AR,72301-2621
Wendy's-Wynne,804 Highway 64,Wynne,AR,72396
Wendy's-Avondale,900 N 99th Ave,Avondale,AZ,85323-5309
Wendy's-Benson,531 W 4th St,Benson,AZ,85602-6502
Wendy's-Buckeye,816 S Watson Rd,Buckeye,AZ,85326-3418
Wendy's-Bullhead City,2280 Highway 95,Bullhead City,AZ,86442-6097
Wendy's-Camp Verde,1897 Pueblo,Camp Verde,AZ,86322-6001
Wendy's-Casa Grande,1127 E Florence Blvd,Casa Grande,AZ,85122-4215
Wendy's-Casa Grande,2300 E Tanger Dr Ste 130,Casa Grande,AZ,85122-9641
Wendy's-Cave Creek,4815 E Carefree Hwy,Cave Creek,AZ,85331-4717
Wendy's-Chandler,1045 S Arizona Ave,Chandler,AZ,85286-6507
Wendy's-Chandler,1175 W Chandler Blvd,Chandler,AZ,85224-5202
Wendy's-Chandler,5965 W Chandler Blvd,Chandler,AZ,85226-3422
Wendy's-Chandler,816 W Warner Rd,Chandler,AZ,85225-2929
Wendy's-Ehrenberg,14320 Flying J Rd Inside Flying J,Ehrenberg,AZ,
Wendy's-Flagstaff,1601 S Milton Rd,Flagstaff,AZ,86001-0817
Wendy's-Flagstaff,4507 N US Highway 89,Flagstaff,AZ,86004-2409
Wendy's-Fountain Hills,17218 E Shea Blvd,Fountain Hills,AZ,85268-6631
Wendy's-Gilbert,2125 E Baseline Rd,Gilbert,AZ,85234-2304
Wendy's-Gilbert,2867 S San Tan Village Pkwy,Gilbert,AZ,85295-0711
Wendy's-Gilbert,4684 E Ray Rd,Gilbert,AZ,85296-8483
Wendy's-Gilbert,727 S Cooper Rd,Gilbert,AZ,85233-7160
Wendy's-Gilbert,84 E Germann Rd,Gilbert,AZ,85297-0600
Wendy's-Gilbert,875 S Val Vista Dr,Gilbert,AZ,85296-3855
Wendy's-Gilbert,929 N Arizona Ave,Gilbert,AZ,85233-2279
Wendy's-Glendale,13885 N 59th Ave,Glendale,AZ,85306-4105
Wendy's-Glendale,4302 W Olive Ave,Glendale,AZ,85302-3826
Wendy's-Glendale,5906 W Bell Rd,Glendale,AZ,85308-3712
Wendy's-Glendale,8273 W Union Hills Dr,Glendale,AZ,85308-0502
Wendy's-Globe,2057 Us 60,Globe,AZ,
Wendy's-Goodyear,1178 N Litchfield Rd,Goodyear,AZ,85395-3800
Wendy's-Kingman,920 W Beale St,Kingman,AZ,86401-5427
Wendy's-Mesa,1144 S Country Club Dr,Mesa,AZ,85210-4644
Wendy's-Mesa,1205 N Country Club Dr,Mesa,AZ,85201-2543
Wendy's-Mesa,2019 N Power Rd,Mesa,AZ,85215-2973
Wendy's-Mesa,2056 S Ellsworth Rd,Mesa,AZ,85209-8300
Wendy's-Mesa,4236 E Juanita Ave,Mesa,AZ,85206-3906
Wendy's-Mesa,4433 E Main St,Mesa,AZ,85205-7901
Wendy's-Mesa,6929 E Hampton Ave,Mesa,AZ,85209-3302
Wendy's-Miami,2057 Highway 60,Miami,AZ,85539-9792
Wendy's-Payson,505 S Beeline Hwy,Payson,AZ,85541-4819
Wendy's-Peoria,8259 W Peoria Ave,Peoria,AZ,85345-5932
Wendy's-Phoenix,12630 N Tatum Blvd,Phoenix,AZ,85032-7721
Wendy's-Phoenix,1727 W Glendale Ave,Phoenix,AZ,85021-8870
Wendy's-Phoenix,2024 E Camelback Rd,Phoenix,AZ,85016-4711
Wendy's-Phoenix,20242 N 27th Ave,Phoenix,AZ,85027-3207
Wendy's-Phoenix,2226 W Deer Valley Rd,Phoenix,AZ,85027-1920
Wendy's-Phoenix,2346 E McDowell Rd,Phoenix,AZ,85006-2440
Wendy's-Phoenix,2550 N 75th Ave,Phoenix,AZ,85035-1212
Wendy's-Phoenix,2640 W Thunderbird Rd,Phoenix,AZ,85023-5948
Wendy's-Phoenix,2737 W Indian School Rd,Phoenix,AZ,85017-4202
Wendy's-Phoenix,301 E Indian School Rd,Phoenix,AZ,85012-1820
Wendy's-Phoenix,3025 W Peoria Ave,Phoenix,AZ,85029-5206
Wendy's-Phoenix,3200 E Sky Harbor Blvd # T-2,Phoenix,AZ,85034-4423
Wendy's-Phoenix,3330 W Bethany Home Rd,Phoenix,AZ,85017-1916
Wendy's-Phoenix,3400 E Sky Harbor Blvd,Phoenix,AZ,85034-4403
Wendy's-Phoenix,3450 W Greenway Rd,Phoenix,AZ,85053-3825
Wendy's-Phoenix,3800 E Sky Harbor Blvd # T-4,Phoenix,AZ,85034-3712
Wendy's-Phoenix,4701 E Bell Rd,Phoenix,AZ,85032-2317
Wendy's-Phoenix,4902 E Ray Rd,Phoenix,AZ,85044-6414
Wendy's-Phoenix,4915 E Chandler Blvd,Phoenix,AZ,85048-0805
Wendy's-Phoenix,5225 W Indian School Rd,Phoenix,AZ,85031-2604
Wendy's-Phoenix,602 E Greenway Pkwy,Phoenix,AZ,85022-2356
Wendy's-Phoenix,7000 E Mayo Blvd Ste 1059,Phoenix,AZ,85054-6154
Wendy's-Phoenix,9905 W Camelback Rd,Phoenix,AZ,85037-5006
Wendy's-Prescott,1861 E Az 69,Prescott,AZ,
Wendy's-Prescott Valley,3020 N Glassford Hill Rd,Prescott Valley,AZ,86314-1246
Wendy's-Rio Rico,769 E Frontage Rd,Rio Rico,AZ,85648-6235
Wendy's-Scottsdale,15416 N Pima Rd,Scottsdale,AZ,85260-1908
Wendy's-Scottsdale,3014 N Scottsdale Rd,Scottsdale,AZ,85251-7210
Wendy's-Scottsdale,4815 N Pima Rd,Scottsdale,AZ,85251-1873
Wendy's-Scottsdale,9380 N 90th St,Scottsdale,AZ,85258-5038
Wendy's-Sedona,6507 State Route 179,Sedona,AZ,86351-7982
Wendy's-Show Low,5201 S White Mountain Rd,Show Low,AZ,85901-7837
Wendy's-Sierra Vista,49 Marianne Dr,Sierra Vista,AZ,85635-2628
Wendy's-Surprise,12701 W Bell Rd,Surprise,AZ,85378-9798
Wendy's-Surprise,15389 W Cactus Rd,Surprise,AZ,85379-6345
Wendy's-Tempe,1110 E Baseline Rd,Tempe,AZ,85283-1315
Wendy's-Tempe,1314 S Rural Rd,Tempe,AZ,85281-6802
Wendy's-Tempe,1405 W Baseline Rd,Tempe,AZ,85283-1117
Wendy's-Tempe,1741 E Warner Rd,Tempe,AZ,85284-4528
Wendy's-Tempe,1810 W Elliot Rd,Tempe,AZ,85284-1004
Wendy's-Tempe,2704 W Southern Ave,Tempe,AZ,85282-4205
Wendy's-Tempe,515 W Warner Rd,Tempe,AZ,85284-2971
Wendy's-Tempe,790 W Broadway Rd,Tempe,AZ,85282-1219
Wendy's-Tucson,1005 N Campbell Ave,Tucson,AZ,85719-4604
Wendy's-Tucson,1540 W Valencia Rd,Tucson,AZ,85746-6018
Wendy's-Tucson,1602 W Saint Marys Rd,Tucson,AZ,85745-2667
Wendy's-Tucson,3171 E Valencia Rd,Tucson,AZ,85706-5950
Wendy's-Tucson,3535 E Irvington Rd,Tucson,AZ,85714-1974
Wendy's-Tucson,3643 N Campbell Ave,Tucson,AZ,85719-1534
Wendy's-Tucson,3780 W Orange Grove Rd,Tucson,AZ,85741-2821
Wendy's-Tucson,4011 E Grant Rd,Tucson,AZ,85712-2508
Wendy's-Tucson,4301 N Oracle Rd,Tucson,AZ,85705-1633
Wendy's-Tucson,5391 E Speedway Blvd,Tucson,AZ,85712-4950
Wendy's-Tucson,5639 W Cortaro Farms Rd,Tucson,AZ,85742-9559
Wendy's-Tucson,6441 E 22nd St,Tucson,AZ,85710-5115
Wendy's-Tucson,6961 E Broadway Blvd,Tucson,AZ,85710-2802
Wendy's-Tucson,7675 N LA Cholla Blvd,Tucson,AZ,85741-4202
Wendy's-Tucson,7860 E Wrightstown Rd,Tucson,AZ,85715-4332
Wendy's-Yuma,351 E 16th St,Yuma,AZ,85364-4722
Wendy's-Alhambra,1201 E Valley Blvd,Alhambra,CA,91801-5235
Wendy's-Alhambra,245 S Atlantic Blvd,Alhambra,CA,91801-6314
Wendy's-Anaheim,1012 N State College Blvd,Anaheim,CA,92806-2701
Wendy's-Anaheim,680 N Euclid St,Anaheim,CA,92801-4616
Wendy's-Antioch,1809 A St,Antioch,CA,94509-2601
Wendy's-Apple Valley,17928 Wika Rd,Apple Valley,CA,
Wendy's-Artesia,11732 Artesia Blvd,Artesia,CA,90701-3804
Wendy's-Bakersfield,2150 Panama Ln,Bakersfield,CA,93307-6536
Wendy's-Bakersfield,2608 Oswell St,Bakersfield,CA,93306-3147
Wendy's-Bakersfield,4650 Gosford Rd,Bakersfield,CA,93313-4800
Wendy's-Bakersfield,821 Real Rd,Bakersfield,CA,93309-1001
Wendy's-Bakersfield,9200 Rosedale Hwy,Bakersfield,CA,93312-2161
Wendy's-Beaumont,525 Highland Springs Ave,Beaumont,CA,92223-2541
Wendy's-Belmont,698 Ralston Ave,Belmont,CA,94002-2813
Wendy's-Brentwood,6021 Lone Tree Way,Brentwood,CA,94513
Wendy's-Buena Park,7570 Orangethorpe Ave,Buena Park,CA,90621-3429
Wendy's-Burbank,1575 N Victory Pl,Burbank,CA,91502-1647
Wendy's-Camarillo,149 W Ventura Blvd,Camarillo,CA,93010-8353
Wendy's-Camarillo,307 Arneill Rd,Camarillo,CA,93010-6431
Wendy's-Canoga Park,8232 De Soto Ave,Canoga Park,CA,91304-4342
Wendy's-Carson,23750 Main St,Carson,CA,90745-5744
Wendy's-Castaic,31642 Castaic Rd,Castaic,CA,91384-3901
Wendy's-Castro Valley,2475 Castro Valley Blvd,Castro Valley,CA,94546-5124
Wendy's-Chico,2421 Cohasset Rd,Chico,CA,95926-1317
Wendy's-Chino,14165 Pipeline Ave,Chino,CA,91710-5618
Wendy's-Chino Hills,13005 Peyton Dr,Chino Hills,CA,91709-6005
Wendy's-Chula Vista,618 E St,Chula Vista,CA,91910-2113
Wendy's-Chula Vista,960 Eastlake Pkwy,Chula Vista,CA,91914-3558
Wendy's-Citrus Heights,6435 Antelope Rd,Citrus Heights,CA,95621-1044
Wendy's-Citrus Heights,7983 Greenback Ln,Citrus Heights,CA,95610-6907
Wendy's-Clovis,420 Shaw Ave,Clovis,CA,93612-3807
Wendy's-Coachella,49405 Grapefruit Blvd,Coachella,CA,92236-1496
Wendy's-Colton,1090 N Pepper Ave,Colton,CA,
Wendy's-Concord,1551 Monument Blvd,Concord,CA,94520-4201
Wendy's-Corona,12614 Limonite Ave,Corona,CA,92880
Wendy's-Corona,3515 Grand Oaks,Corona,CA,92881-4634
Wendy's-Corona,401 N McKinley St,Corona,CA,92879-1205
Wendy's-Corona,415 Magnolia Ave,Corona,CA,92879-3301
Wendy's-Costa Mesa,468 E 17th St,Costa Mesa,CA,92627-3213
Wendy's-Covina,970 E Badillo St,Covina,CA,91724-2950
Wendy's-Culver City,9036 Venice Blvd,Culver City,CA,90232-2305
Wendy's-Cypress,5970 Corporate Ave,Cypress,CA,90630-4647
Wendy's-Daly City,7401 Mission St,Daly City,CA,94014-2952
Wendy's-Davis,1701 Cowell Blvd,Davis,CA,95618-6383
Wendy's-Dixon,125 E Dorset Dr,Dixon,CA,95620-9241
Wendy's-Downey,14305 Lakewood Blvd,Downey,CA,90242-5230
Wendy's-Dublin,7143 Dublin Blvd,Dublin,CA,94568-3020
Wendy's-El Cajon,686 Jamacha Rd,El Cajon,CA,92019-2459
Wendy's-El Cajon,871 Broadway,El Cajon,CA,92021-4638
Wendy's-El Centro,740 N Imperial Ave,El Centro,CA,92243-1914
Wendy's-El Monte,9744 Lower Azusa Rd,El Monte,CA,91731-1024
Wendy's-Elk Grove,8871 Bond Rd,Elk Grove,CA,95624-4072
Wendy's-Elk Grove,9120 Harbour Point Dr,Elk Grove,CA,95758-7414
Wendy's-Encinitas,102 Encinitas Blvd,Encinitas,CA,92024-3642
Wendy's-Escondido,1530 W Valley Pkwy,Escondido,CA,92029-2140
Wendy's-Eureka,529 Broadway,Eureka,CA,95501-0118
Wendy's-Fairfield,2045 N Texas St,Fairfield,CA,94533-3201
Wendy's-Fairfield,4447 Central Pl,Fairfield,CA,94534-1669
Wendy's-Folsom,1101 Riley St,Folsom,CA,95630-3508
Wendy's-Folsom,2505 Iron Point Rd,Folsom,CA,95630-8708
Wendy's-Fontana,14439 Baseline Ave,Fontana,CA,92336-3621
Wendy's-Fontana,15110 Summit Ave,Fontana,CA,92336-5388
Wendy's-Fontana,16984 Valley Blvd,Fontana,CA,92335-6825
Wendy's-Fountain Valley,17940 Brookhurst St,Fountain Valley,CA,92708-5161
Wendy's-Fremont,39175 Blacow Rd,Fremont,CA,94538-1175
Wendy's-Fresno,1140 C St,Fresno,CA,93706-3215
Wendy's-Fresno,2005 N Blackstone Ave,Fresno,CA,93703-2108
Wendy's-Fresno,3210 E Jensen Ave,Fresno,CA,93706-5114
Wendy's-Fresno,4270 W Shaw Ave,Fresno,CA,93722-6226
Wendy's-Fresno,4724 N Blackstone Ave,Fresno,CA,93726-0104
Wendy's-Fresno,7164 N Blackstone Ave,Fresno,CA,93650-1242
Wendy's-Fresno,1778 E Shaw Ave,Fresno,CA,93710-8104
Wendy's-Fresno,4915 E McKinley Ave,Fresno,CA,93727-1951
Wendy's-Fresno,7099 N Cedar Ave,Fresno,CA,93720-3324
Wendy's-Fresno,765 S Clovis Ave,Fresno,CA,93727-4514
Wendy's-Fullerton,2810 Imperial Hwy,Fullerton,CA,92835-1351
Wendy's-Garden Grove,10040 Chapman Ave,Garden Grove,CA,92840-2821
Wendy's-Gardena,17420 S Western Ave,Gardena,CA,90248-3222
Wendy's-Gilroy,393 E 10th St,Gilroy,CA,95020-6570
Wendy's-Glendora,1325 S Lone Hill Ave,Glendora,CA,91740-5348
Wendy's-Goleta,5724 Hollister Ave,Goleta,CA,93117-3421
Wendy's-Hanford,1959 W Lacey Blvd,Hanford,CA,93230-7439
Wendy's-Hawthorne,2891 W 120th St,Hawthorne,CA,90250-3374
Wendy's-Hayward,23969 Mission Blvd,Hayward,CA,94544-1014
Wendy's-Hemet,3450 W Florida Ave,Hemet,CA,92545-3563
Wendy's-Hesperia,17375 Main St,Hesperia,CA,92345-6111
Wendy's-Highland,27879 Baseline St,Highland,CA,92346-3325
Wendy's-Hollywood,1305 N Vermont Ave,Los Angeles,CA,90027-6022
Wendy's-Huntington Beach,16082 Goldenwest St,Huntington Beach,CA,92647-3406
Wendy's-Inglewood,3504 W Century Blvd,Inglewood,CA,90303-1201
Wendy's-Irvine,113 Pereira Dr University of Ca,Irvine,CA,
Wendy's-Irvine,14386 Culver Dr,Irvine,CA,92604-0303
Wendy's-Irvine,63 Technology Dr,Irvine,CA,92618-2346
Wendy's-La Habra,1501 W Imperial Hwy,La Habra,CA,90631-6942
Wendy's-La Mesa,8749 Campo Rd,La Mesa,CA,91941-8001
Wendy's-La Mirada,14960 La Mirada Blvd,La Mirada,CA,90638-4722
Wendy's-La Mirada,15700 Valley View Ave,La Mirada,CA,90638-5232
Wendy's-La Quinta,79275 Highway 111,La Quinta,CA,92253-2060
Wendy's-Laguna Hills,24761 Alicia Pkwy,Laguna Hills,CA,92653-4618
Wendy's-Laguna Niguel,28961 Golden Lantern,Laguna Niguel,CA,92677-1565
Wendy's-Lake Elsinore,29275 Central Ave,Lake Elsinore,CA,92532-2240
Wendy's-Lakewood,4314 South St,Lakewood,CA,90712-1152
Wendy's-Lancaster,1015 W Avenue L,Lancaster,CA,93534-7076
Wendy's-Lancaster,45101 10th St W,Lancaster,CA,93534-2309
Wendy's-Lawndale,14502 Hawthorne Blvd,Lawndale,CA,90260
Wendy's-Lebec,5821 Dennis McCarthy Dr,Lebec,CA,93243-9713
Wendy's-Livermore,1051 Airway Blvd,Livermore,CA,94551-7640
Wendy's-Lodi,801 E Kettleman Ln,Lodi,CA,95240-5964
Wendy's-Lompoc,1102 N H St,Lompoc,CA,93436-3307
Wendy's-Long Beach,2201 N Bellflower Blvd,Long Beach,CA,90815-2018
Wendy's-Los Alamitos,11254 Los Alamitos Blvd,Los Alamitos,CA,90720-3958
Wendy's-Los Angeles,3019 S Hoover St,Los Angeles,CA,90007-3159
Wendy's-Los Angeles,7135 W Sunset Blvd,Los Angeles,CA,90046-4411
Wendy's-Los Angeles,7360 LA Tijera Blvd,Los Angeles,CA,90045-1740
Wendy's-Madera,18525 Pistachio Dr,Madera,CA,93637-9771
Wendy's-Manteca,1360 E Yosemite Ave,Manteca,CA,95336-5004
Wendy's-Martinez,3455 Alhambra Ave,Martinez,CA,94553-3908
Wendy's-Merced,1400 Martin Luther King Jr Way,Merced,CA,95340-6140
Wendy's-Millbrae,120 S El Camino Real,Millbrae,CA,94030-3132
Wendy's-Mission Valley,1111 Camino del Rio S,Mission Valley,CA,
Wendy's-Modesto,1374 E Hatch Rd,Modesto,CA,95351-5011
Wendy's-Modesto,1501 McHenry Ave,Modesto,CA,95350-4528
Wendy's-Modesto,1617 N Carpenter Rd,Modesto,CA,95351-1146
Wendy's-Modesto,3250 Dale Rd,Modesto,CA,95356-0541
Wendy's-Monrovia,190 W Foothill Blvd,Monrovia,CA,91016-2173
Wendy's-Moorpark,520 New Los Angeles Ave,Moorpark,CA,93021-2063
Wendy's-Moreno Valley,12410 Day St,Moreno Valley,CA,92553-7501
Wendy's-Moreno Valley,12671 Moreno Beach Dr,Moreno Valley,CA,92555-4415
Wendy's-Murrieta,40460 Murrieta Hot Springs Rd,Murrieta,CA,92563-6400
Wendy's-N Palm Springs,19997 N Indian Ave,N Palm Springs,CA,
Wendy's-Napa,1450 Trancas St,Napa,CA,94558-2914
Wendy's-Newark,35229 Newark Blvd,Newark,CA,94560-1221
Wendy's-Northridge,18507 Devonshire St,Northridge,CA,91324-1308
Wendy's-Norwalk,12138 Imperial Hwy,Norwalk,CA,90650-3020
Wendy's-Oakland,189 98th Ave,Oakland,CA,94603-1003
Wendy's-Oakland,3111 International Blvd,Oakland,CA,94601-2901
Wendy's-Oakland,5211 Broadway,Oakland,CA,94618-1425
Wendy's-Oceanside,1002 Mission Ave,Oceanside,CA,92054-2843
Wendy's-Oceanside,3705 Plaza Dr,Oceanside,CA,92056-4622
Wendy's-Oceanside,825 College Blvd,Oceanside,CA,92057-6263
Wendy's-Oildale,2501 N Chester Ave,Oildale,CA,
Wendy's-Ojai,11560 N Ventura Ave,Ojai,CA,93023-3848
Wendy's-Ontario,1890 E G St,Ontario,CA,91764-4412
Wendy's-Ontario,2240 S Haven Ave,Ontario,CA,91761-0739
Wendy's-Ontario,941 N Milliken Ave,Ontario,CA,91764-5008
Wendy's-Orange,1237 N Tustin St,Orange,CA,92867-5147
Wendy's-Orange,3739 W Chapman Ave,Orange,CA,92868-1608
Wendy's-Oroville,395 Oro Dam Blvd E,Oroville,CA,95965-5713
Wendy's-Oxnard,2010 N Rose Ave,Oxnard,CA,93036-5052
Wendy's-Oxnard,2551 E Vineyard Ave,Oxnard,CA,93036-1245
Wendy's-Pacheco,5943 Pacheco Blvd,Pacheco,CA,94553-5613
Wendy's-Palm Desert,78030 Country Club Dr,Palm Desert,CA,92211-7292
Wendy's-Palmdale,39580 Lowes Dr,Palmdale,CA,93551-3754
Wendy's-Panorama City,14645 Roscoe Blvd,Panorama City,CA,91402-4104
Wendy's-Paso Robles,141 Niblick Rd,Paso Robles,CA,93446-4844
Wendy's-Petaluma,500 E Washington St,Petaluma,CA,94952-3218
Wendy's-Pico Rivera,8450 Washington Blvd,Pico Rivera,CA,90660-3783
Wendy's-Pinole,1581 Fitzgerald Dr,Pinole,CA,94564-2230
Wendy's-Pittsburg,2243 Loveridge Rd,Pittsburg,CA,94565-5021
Wendy's-Pomona,101 E Foothill Blvd,Pomona,CA,91767-1400
Wendy's-Pomona,3077 W Temple Ave,Pomona,CA,91766-6819
Wendy's-Port Hueneme,175 N Ventura Rd,Port Hueneme,CA,93041-3210
Wendy's-Porterville,860 W Henderson Ave,Porterville,CA,93257-1774
Wendy's-Ramona,1660 Main St,Ramona,CA,92065-5240
Wendy's-Rancho Cordova,2710 Sunrise Blvd,Rancho Cordova,CA,95742-6246
Wendy's-Rancho Cucamonga,12240 Highland Ave,Rancho Cucamonga,CA,91739-2577
Wendy's-Rancho Cucamonga,8070 Monet Ave,Rancho Cucamonga,CA,91739-8030
Wendy's-Rancho Cucamonga,9050 Foothill Blvd,Rancho Cucamonga,CA,91730-3450
Wendy's-Rancho Mirage,72837 Dinah Shore Dr,Rancho Mirage,CA,92270-2708
Wendy's-Rancho Santa Margarita,30471 Avenida de Las Flores,Rancho Santa Margarita,CA,92688-3923
Wendy's-Red Bluff,1150 S Main St,Red Bluff,CA,96080-4357
Wendy's-Redding,1950 Pine St,Redding,CA,96001-1920
Wendy's-Redding,2620 Hilltop Dr,Redding,CA,96002-1019
Wendy's-Redlands,1991 W Redlands Blvd,Redlands,CA,92373-8030
Wendy's-Redwood City,1852 El Camino Real,Redwood City,CA,94063-2111
Wendy's-Reseda,19317 Sherman Way,Reseda,CA,91335-3557
Wendy's-Rialto,1260 W Foothill Blvd,Rialto,CA,92376-4686
Wendy's-Rialto,180 E Base Line Rd,Rialto,CA,92376-3607
Wendy's-Richmond,12201 San Pablo Ave,Richmond,CA,94805-2452
Wendy's-Riverside,10225 Magnolia Ave,Riverside,CA,92503-3440
Wendy's-Riverside,3565 Central Ave,Riverside,CA,92506-2702
Wendy's-Riverside,8320 Limonite Ave,Riverside,CA,92509-5110
Wendy's-Riverside,8745 Trautwein Rd,Riverside,CA,92508-9474
Wendy's-Roseville,348 N Sunrise Ave,Roseville,CA,95661-3025
Wendy's-Roseville,924 Pleasant Grove Blvd,Roseville,CA,95678-6126
Wendy's-Sacramento,1471 Meadowview Rd,Sacramento,CA,95832-1009
Wendy's-Sacramento,2646 Watt Ave,Sacramento,CA,95821-6230
Wendy's-Sacramento,2750 Power Inn Rd,Sacramento,CA,95826-2699
Wendy's-Sacramento,4180 Northgate Blvd,Sacramento,CA,95834-1240
Wendy's-Sacramento,4320 Watt Ave,Sacramento,CA,95821-7012
Wendy's-Sacramento,7931 E Stockton Blvd,Sacramento,CA,95823-9606
Wendy's-Salinas,1339 N Main St,Salinas,CA,93906-2828
Wendy's-Salinas,1369 N Davis Rd,Salinas,CA,93907-1991
Wendy's-San Bruno,499 El Camino Real,San Bruno,CA,94066-4246
Wendy's-San Diego,101 Broadway,San Diego,CA,92101-5001
Wendy's-San Diego,10196 Scripps Poway Pkwy,San Diego,CA,
Wendy's-San Diego,10536 Craftsman Way,San Diego,CA,92127-3506
Wendy's-San Diego,11152 Rancho Carmel Dr,San Diego,CA,92128-4660
Wendy's-San Diego,1497 Piper Ranch Rd,San Diego,CA,92154-7711
Wendy's-San Diego,1621 Grand Ave Ste C,San Diego,CA,92109-4458
Wendy's-San Diego,2825 El Cajon Blvd,San Diego,CA,92104-1202
Wendy's-San Diego,3760 Midway Dr,San Diego,CA,92110-5203
Wendy's-San Diego,4770 Convoy St,San Diego,CA,92111-1900
Wendy's-San Diego,6585 Mission Gorge Rd,San Diego,CA,92120-2306
Wendy's-San Diego,8310 Rio San Diego Dr,San Diego,CA,92108-5502
Wendy's-San Diego,8637 Navajo Rd,San Diego,CA,92119-2048
Wendy's-San Diego,9290 Clairemont Mesa Blvd,San Diego,CA,92123-1212
Wendy's-San Jacinto,1841 S San Jacinto Ave,San Jacinto,CA,92583-5605
Wendy's-San Jose,1405 Monterey Hwy,San Jose,CA,95110-3618
Wendy's-San Jose,1845 E Capitol Expy,San Jose,CA,95121-1562
Wendy's-San Jose,2275 McKee Rd,San Jose,CA,95116-1432
Wendy's-San Jose,2624 S Bascom Ave,San Jose,CA,95124-1447
Wendy's-San Jose,782 S Bascom Ave,San Jose,CA,95128-2603
Wendy's-San Jose,990 Saratoga Ave,San Jose,CA,95129-3406
Wendy's-San Leandro,1185 San Leandro Blvd,San Leandro,CA,94577-1536
Wendy's-San Lorenzo,17435 Hesperian Blvd,San Lorenzo,CA,94580-3143
Wendy's-San Rafael,910 Andersen Dr,San Rafael,CA,94901-5338
Wendy's-Santa Ana,1737 E 17th St,Santa Ana,CA,92705-8601
Wendy's-Santa Barbara,Ucen Dining Services Ucsb,Santa Barbara,CA,
Wendy's-Santa Clarita,24525 Lyons Ave,Santa Clarita,CA,91321-2348
Wendy's-Santa Clarita,28180 Newhall Ranch Rd,Santa Clarita,CA,91355-0990
Wendy's-Santa Maria,2150 S Bradley Rd,Santa Maria,CA,93455-1346
Wendy's-Santa Nella,12261 State Highway 33,Santa Nella,CA,95322-9733
Wendy's-Santa Rosa,1850 Santa Rosa Ave,Santa Rosa,CA,95407-7619
Wendy's-Santee,9655 Mission Gorge Rd,Santee,CA,92071-3807
Wendy's-Saugus,26538 Bouquet Canyon Rd,Saugus,CA,91350-2353
Wendy's-Scotts Valley,5620 Scotts Valley Dr,Scotts Valley,CA,95066-3476
Wendy's-Seaside,1180 Fremont Blvd,Seaside,CA,93955-5715
Wendy's-Simi Valley,1613 E Los Angeles Ave,Simi Valley,CA,93065-2019
Wendy's-South San Francisco,176 Gateway Blvd,South San Francisco,CA,94080-7049
Wendy's-Stanton,12975 Beach Blvd,Stanton,CA,90680-4001
Wendy's-Stockton,10512 Trinity Pkwy,Stockton,CA,95219-7227
Wendy's-Stockton,2439 W March Ln,Stockton,CA,95207-6569
Wendy's-Stockton,3810 E Hammer Ln,Stockton,CA,95212-2803
Wendy's-Stockton,4431 E Waterloo Rd,Stockton,CA,95215-2307
